{
  "model_name": "attention_unet",
  "dice_wt": 0.9351752357823508,
  "dice_tc": 0.9076599745211074,
  "dice_et": 0.8649271088457466,
  "hd95_wt": 1.7618782580231918,
  "hd95_tc": 2.3444312291226965,
  "hd95_et": 2.29797618597654
}