{
  "model_name": "unet",
  "dice_wt": 0.9311724995809888,
  "dice_tc": 0.9012679964131308,
  "dice_et": 0.8593089695935195,
  "hd95_wt": 2.480982760993567,
  "hd95_tc": 2.490929423131539,
  "hd95_et": 1.7782673495226606
}