{
  "model_name": "swin_unetr",
  "dice_wt": 0.9265009685168191,
  "dice_tc": 0.8799474441447032,
  "dice_et": 0.8487501604720491,
  "hd95_wt": 1.9970263993417439,
  "hd95_tc": 2.9370983115124183,
  "hd95_et": 2.921327750951024
}